employee_id,name,address,phone,email,dob,job_title_id,start_date
1,Kim Chambers,"5640 York Loaf
Pettyview, CA 33503",925-465-9520,aunderwood@example.net,2004-01-24,2,2021-07-21
2,Lucas Pruitt,"9712 Long Landing Apt. 746
Hollyfurt, NH 61382",979.761.3019x782,georgestevenson@example.net,1985-08-04,2,2020-01-20
3,Justin Bennett,"5317 Derek Walks Suite 132
West Matthew, WA 41723",(927)516-3188x5119,michaelblair@example.org,2001-11-02,5,2021-12-16
4,Andrew Gonzalez,"6271 Snyder Extensions Apt. 287
West Michael, FL 76797",201.648.4682x1244,patrickschmitt@example.com,1989-12-07,9,2022-12-21
5,John Morris,"615 Erica Garden
Rachelville, VT 77543",(294)710-5721,chaseapril@example.net,1986-05-11,8,2021-03-21
6,Kerry Snyder,"USCGC Kennedy
FPO AP 52589",001-549-870-0757x267,davenportjennifer@example.com,1960-07-29,3,2020-05-05
7,Cassandra Scott,"2114 Lauren Course
Port Michaela, PR 01437",878.631.3231,tylersara@example.com,1970-12-07,1,2022-01-24
8,Ashley Wise,"750 Ronald Trail
West Jonathan, NE 76450",435-526-7956,lmiller@example.net,1974-04-09,9,2023-03-13
9,Kelly Rosales,"PSC 9427, Box 2591
APO AP 54323",(643)604-0118x7942,wintersdaniel@example.com,1966-09-19,2,2020-02-05
10,Justin Mcbride MD,"977 Jordan Place Apt. 115
Michaelview, WV 77594",9825400627,garciajaime@example.net,1965-01-24,9,2022-06-28
11,Kathryn Young,"81569 Jeffrey Mission Apt. 624
Susanmouth, CO 66058",001-877-564-2664x3942,christopher43@example.net,1962-10-08,7,2020-01-22
12,Thomas Vargas,"84079 Brock Roads
Jonesmouth, MA 19864",3489393291,wolftracy@example.org,1972-08-25,4,2021-03-02
13,Patricia Rodriguez,"551 Alison View
South Stefaniefurt, WV 72919",909.841.1184,tammyclark@example.org,1995-11-27,6,2021-04-07
14,Nicholas Johnson,"3149 Hernandez Pass Suite 786
East Michaelborough, VT 11813",001-269-223-2028,joel36@example.com,1979-04-16,5,2020-06-20
15,Reginald Roberts,"83290 Victoria Circles
Josephton, LA 68599",001-438-217-8954x96777,antoniobruce@example.org,1964-05-11,6,2023-12-15
16,Anthony Tran,"7839 Bradley Turnpike
Lake Chad, MP 88213",4203991886,lyoung@example.org,1989-04-18,4,2022-10-31
17,Rachel Greene,"7733 George Manors
New Branditon, NH 97273",328-818-8090,spencerbrittany@example.com,1996-02-29,6,2021-12-31
18,Adam Price,"15705 Scott Centers
West William, TX 67373",415-871-5773,sanchezdavid@example.net,1977-05-01,2,2024-07-03
19,Mary Giles,"448 Harrell Crossroad
East Clarencebury, MH 77970",746-573-7927x69190,hhopkins@example.org,1975-12-02,10,2021-09-01
20,Jeffrey Avery,"PSC 9930, Box 7051
APO AE 22520",+1-401-726-7242x363,nicholasoconnor@example.com,1972-11-13,1,2022-05-18
21,Casey Shea,"75226 Ann Corner Suite 856
Mariaview, CA 88903",001-374-435-4429x6235,hughesmicheal@example.net,1966-05-17,5,2023-06-07
22,Benjamin Baxter,"450 James Road Apt. 873
Wellsshire, NH 03955",(443)571-5767x7483,nancycole@example.net,1977-05-01,5,2020-06-07
23,Joseph Li,"5848 Rogers Trail
Lake Sheila, HI 89842",(464)344-7334,qfriedman@example.org,1965-06-26,6,2022-10-10
24,Carla Jenkins,"265 Nguyen Fork Suite 704
Gutierrezport, DE 19152",+1-811-679-9713x7279,craigterry@example.com,1960-04-16,6,2024-08-18
25,Mark Grimes,"75170 Gibbs Lodge Suite 002
Hendricksside, MD 47575",001-321-378-4619x27619,laura54@example.net,1982-08-20,1,2021-07-27
26,Alison Kelly,"386 Mclean Mountains Apt. 427
Michaelton, AL 72508",(207)684-2895,johnsonchristopher@example.org,1984-07-07,9,2023-06-13
27,Dawn Jackson,"Unit 0191 Box 3438
DPO AE 94380",351.677.9249,christophermyers@example.net,1971-09-25,6,2021-08-09
28,Bethany Colon,"62468 Oconnor Manors Apt. 391
East Taylorside, NY 43786",(935)744-9131x80665,qrobinson@example.net,1975-05-31,9,2023-08-29
29,Lynn Cantu,"60642 Hamilton Canyon
East Raymond, PR 22011",944.753.1851,pbriggs@example.com,1988-10-04,4,2022-12-11
30,Joseph Black,"72651 Jennifer Route
Melvinshire, CA 52956",840-879-2306,yramirez@example.net,1971-07-02,8,2024-07-31
31,Walter Lopez,"70343 Gary Bypass Suite 851
Port Vickieshire, IA 73953",839-249-4310x683,jessicamoses@example.com,1969-03-03,4,2020-10-30
32,Carrie Fox,"723 William Island
Griffithfort, PA 76892",937-987-3255,fcontreras@example.com,1986-07-24,7,2020-09-01
33,Carla George,"891 Hunt Bypass
Port Jamesbury, IN 05516",001-612-580-1787x95341,whitneymcdonald@example.net,2000-09-23,6,2024-07-13
34,Kenneth Gallagher,"18207 Shaw Island
Parkerberg, MI 33615",903-944-1967x932,ohudson@example.net,1991-02-23,5,2020-06-10
35,Wyatt Dorsey,"Unit 0320 Box 8640
DPO AP 53650",(268)257-6355x7796,coxcarol@example.com,1992-11-04,6,2022-01-21
36,Taylor Martinez,"87471 Jose Trail
North Saramouth, GA 68740",932-248-6617x0341,emilyowens@example.org,1959-08-13,7,2024-06-15
37,Austin Lowe,"5070 Carrie Dam
Vickieville, NH 86389",7387837760,susan50@example.net,1976-02-08,6,2020-11-13
38,Thomas King,"44827 Mary Terrace
North Christian, MT 57833",659-440-1081x18248,xhensley@example.net,2003-02-12,10,2020-01-11
39,Benjamin Acosta,"9443 Morrison Via Suite 010
Timothyshire, MD 77012",206.613.8463,raven45@example.org,1963-07-21,6,2020-01-04
40,Fernando Brooks,"02508 Lee Drive
Parkerton, UT 23128",213-530-3507x119,franksanders@example.org,1978-05-15,4,2020-10-01
41,Amy Baker,"588 Long Plaza Apt. 875
Cohenborough, DE 41415",753-256-4158x71288,aarongreen@example.org,1966-11-07,3,2024-08-26
42,Debra Peterson,"USCGC Walsh
FPO AA 53081",(698)453-5596x15725,dillonwalter@example.net,1977-05-28,3,2024-09-24
43,Sheryl Hall,"6467 Campbell Key
Rebeccamouth, AZ 68902",(952)465-4988x43880,llopez@example.net,1982-05-19,9,2020-03-11
44,Joshua Kramer,"692 Vazquez Hill
Lake Lindaland, MN 37088",(497)952-1013,simmonskatelyn@example.net,1993-11-04,1,2020-08-13
45,Anna Fox,"32878 Randall Vista
New Bonnietown, GU 03229",(810)706-9524x30315,desireesalas@example.net,1975-04-18,7,2021-07-04
46,Dawn Scott,"352 Christian Club Suite 798
Estradaville, AR 40885",(713)354-8486x882,samantha50@example.net,1961-01-25,3,2022-05-30
47,Miss Amanda Noble,"310 Ward Plain
Zacharyton, CO 51868",(721)248-1607,evanskenneth@example.org,1973-01-22,8,2020-08-06
48,Kaylee Sandoval,"01407 Michael Way
Jensenfort, RI 62330",+1-960-708-4134x2083,jasmineglass@example.org,2006-04-13,1,2020-03-16
49,Brian Simpson,"8250 James Cove Suite 577
South Kevinstad, KY 54526",559.369.6587,danariley@example.com,1976-11-01,8,2023-01-01
50,Eric Romero,"904 Dennis Course Apt. 125
South Matthewfort, NE 08585",490.514.3454x4636,brianquinn@example.org,1989-01-25,9,2020-07-11
51,Steven Chan,"PSC 7516, Box 8211
APO AP 79245",797.671.0828x2274,joseph84@example.net,1961-12-26,10,2023-10-12
52,Jose Hawkins,"400 Williams Camp
South Derekhaven, GU 67455",001-300-853-5474x86785,hartjuan@example.org,1967-06-26,6,2023-09-01
53,Kelli Baldwin,"19535 Tate Ranch
West Amyfort, ID 01069",001-810-424-1470x23374,manderson@example.com,1993-03-28,5,2021-06-05
54,Monica Pacheco,"1431 Morse Glen Suite 685
Sherrytown, WV 84814",(739)283-3388x5523,davidpatel@example.org,1983-10-25,8,2023-10-02
55,Joshua Clark,"6327 Bryant Groves
Littleview, AS 28842",829.767.6740,clong@example.org,1969-01-22,6,2022-01-23
56,Nancy Jones,"7531 Long Knoll Suite 018
South Laura, WI 42757",785.491.4172x84921,rebeccayoung@example.com,1993-08-30,1,2023-01-18
57,Matthew Gates DVM,"2177 Soto Prairie Suite 928
Johnstonview, LA 44596",001-807-920-0714x9870,deanpalmer@example.com,1964-09-02,7,2022-12-02
58,Daniel Mullen,"3170 Ashley Run
Marcusmouth, FM 89824",980-429-0853x8025,donnacontreras@example.org,1984-03-15,9,2023-01-20
59,Meredith Ho,"4803 Jones Crest
Robbinsmouth, FM 56506",448.652.4232,meyerdavid@example.org,1967-12-02,7,2020-06-06
60,Jared Smith,"Unit 1122 Box 1446
DPO AP 09258",(801)702-5986x9888,mariahvelasquez@example.net,1991-02-16,10,2020-09-24
61,Tracy Rodriguez,"051 Mark Lake
Randalltown, PA 17762",001-756-535-2884,dennisaguilar@example.net,1972-11-03,5,2023-10-10
62,Linda Rose,"95993 Smith Parks
Williamsport, AS 55838",+1-295-434-9591x148,michael57@example.net,2006-01-12,3,2024-07-12
63,Brianna Stanley,"1493 Austin Bridge Suite 543
North Brandiland, TX 75380",+1-564-458-1512x7968,jpage@example.org,1965-01-03,1,2020-04-16
64,Stacy Wall,"970 Theresa Flats Apt. 922
Amandaville, MP 74059",+1-275-703-0233,shafferkathy@example.com,1979-07-07,9,2022-08-31
65,Matthew Mayer,"4577 Michael Ports Apt. 424
Lake Barbaraville, SD 53765",+1-422-648-4701,anovak@example.net,2000-04-12,10,2022-04-08
66,Hunter Lewis,"356 Carol Flat Suite 405
East Andrea, WY 31313",6149635669,darrell90@example.net,1985-05-15,4,2020-04-16
67,Andrew Jacobs,"46151 Cobb Unions Apt. 703
Myersstad, OH 63625",+1-782-941-5885,johncamacho@example.com,1972-04-02,6,2024-07-09
68,Emily Arias,"PSC 2767, Box 3016
APO AE 38661",(886)649-8735x525,fjones@example.com,1967-04-04,7,2022-11-23
69,Nicholas Webb,"7820 Gabriel Fort Suite 557
Ericland, WY 91462",+1-772-265-2299,cwalsh@example.org,1998-08-11,4,2024-08-30
70,Helen Mann,"3981 Susan Camp
East Lauraburgh, ND 59236",289.228.7317,mccormickryan@example.net,1996-05-11,4,2021-03-15
71,Christy Richardson,"351 Rojas Terrace Apt. 468
Brendastad, VT 11389",262.377.6139x641,christineparsons@example.org,2005-07-01,6,2022-02-21
72,Amanda Edwards,"89535 Nancy Alley Suite 117
Ginaland, NH 51249",(272)564-4177,hallcasey@example.net,1990-08-15,1,2023-11-10
73,Rebecca Thompson,"195 Nicholas Court Suite 717
South Michaelmouth, DE 27900",+1-979-474-4733x96976,michael57@example.net,1985-11-10,8,2023-08-24
74,Donna Garrett,"9711 Cardenas Shoals
South Charles, MP 94523",+1-382-228-9166x6926,kelleymaria@example.com,1995-08-10,6,2021-07-19
75,Melanie Lynn,"0385 Mary Vista
West Aimee, DC 18270",217-926-8548x418,kendra25@example.com,1972-05-14,10,2022-06-30
76,Lisa Scott,"733 Nguyen Crescent Suite 620
Richardfurt, NC 17524",353.539.7906x51365,vperry@example.net,1999-06-25,1,2023-06-05
77,Bobby Martinez,"1384 Krista Alley Apt. 812
South Courtney, MP 31960",+1-249-217-1692x30729,william36@example.org,2006-01-17,8,2024-05-21
78,Vanessa Chambers,"4707 White Stream
Hesterside, LA 31391",3419078830,richard51@example.org,2006-04-06,1,2022-10-09
79,Emily Dean,"Unit 7504 Box 4930
DPO AA 33659",3502706494,bsanchez@example.net,1990-09-08,7,2022-11-21
80,Stacey Johnson,"782 John Lane
Lake Ana, AZ 66728",+1-734-607-7007x355,ethanwatson@example.com,1998-10-30,2,2022-05-26
81,Ricky Rich,"PSC 8924, Box 7733
APO AE 71893",001-432-698-1323x77679,christopherknight@example.org,1974-07-28,4,2021-09-28
82,Nicholas Pena,"Unit 3007 Box 8969
DPO AA 66126",337.689.8608x31373,caldwellanthony@example.org,2000-12-25,1,2021-02-26
83,Shannon Miller,"7841 Jessica Orchard Apt. 472
Lake Lucasside, LA 48207",+1-228-406-2677,isolomon@example.org,2000-11-07,1,2020-08-27
84,Melissa Smith,"556 Gray Springs
Jenniferburgh, FM 06896",001-349-777-4876x8606,msweeney@example.net,2005-05-02,8,2020-03-24
85,Wendy Long,"928 Jaclyn Spring
West Kimberlyberg, VT 17570",614-517-1747x5196,benitezlauren@example.org,1986-04-20,7,2023-04-29
86,Jeffrey Jones,"67947 Moreno Mountain
West Edward, FM 04527",(800)731-2167,jacobcastro@example.com,1971-11-06,1,2022-05-04
87,Gordon Leonard,"9647 Li Groves
Wilsonland, RI 81225",(342)614-7596x6808,wtorres@example.com,1989-05-31,8,2024-07-22
88,Wanda Hamilton,"0015 Jones Corner
West Kristinchester, OR 48848",6609504914,deborah28@example.net,2000-07-07,6,2021-11-08
89,Cameron Mullins,"434 Nicholas Prairie
West Steven, MP 45736",318.913.1069x10444,jacksonsteven@example.org,1974-05-05,10,2022-01-29
90,Michael Cox,"5060 Zachary Points Suite 913
Lake Stevenchester, ND 86428",(932)462-7264x67889,ywhite@example.net,2005-09-26,7,2021-09-25
91,Mary Harrell,"0077 Anthony Fall Suite 817
Adamtown, DC 16359",(960)802-9912,jason65@example.com,1976-04-18,1,2022-09-12
92,Marissa Valdez,"8499 Lisa Lane
West Tammyhaven, TX 59742",224.624.1546x3760,chamberslisa@example.com,1992-11-08,9,2024-02-23
93,Grant Morgan,"8186 Nicholas Creek Apt. 515
West Robertfurt, WY 22446",303-702-1406x608,westjames@example.com,1979-09-20,1,2021-06-14
94,Jacob Boyer,"65799 Mccullough Corners Suite 690
Paulstad, RI 37241",344.301.0171x6064,vancechristopher@example.com,1977-01-14,6,2023-03-13
95,Gabriel Turner,"524 Perez Grove Apt. 378
Lake Jamie, ID 21730",323.889.8853,sharon20@example.org,1997-01-24,9,2020-04-25
96,John Anderson,"Unit 3233 Box 1015
DPO AA 67303",+1-329-904-2365x337,cwashington@example.com,1989-08-10,5,2020-02-05
97,Jason Martin,"USS Mcguire
FPO AE 51165",(331)611-1062x09329,dnorton@example.com,1999-09-10,4,2021-03-30
98,Kevin Morales,"506 Edwards Cove
Port Biancafort, GA 79891",(743)489-1648x7133,jason40@example.com,2001-09-22,4,2021-03-13
99,Neil Schultz,"87907 Lucas Mount
Port Dan, CO 12661",4025538473,fishercasey@example.org,1975-06-03,9,2022-03-03
100,John Hudson,"853 Laura Hill
South Jeremy, MS 89071",+1-615-409-4760,nicole52@example.org,1990-02-16,7,2021-11-12
